﻿<?xml version="1.0" encoding="utf-8" ?>
<Defs>
  
  <FactionDef ParentName="PlayerFactionBase">
    <defName>AR_PlayerFaction</defName>
    <label>Hellenic colony</label>
    <description>Your own colony.</description>
    <isPlayer>true</isPlayer>
    <basicMemberKind>AR_Colonist</basicMemberKind>
    <pawnSingular>colonist</pawnSingular>
    <pawnsPlural>colonists</pawnsPlural>
    <techLevel>Medieval</techLevel>
    <backstoryCategories>
      <li>Civil</li>
    </backstoryCategories>
    <expandingIconTexture>Icon/LaurelWreath</expandingIconTexture>
    <playerInitialSettlementNameMaker>NamerFactionBaseGreek</playerInitialSettlementNameMaker>
		<factionNameMaker>NamerFactionOutlander</factionNameMaker>
    <settlementNameMaker>NamerFactionBaseGreek</settlementNameMaker>
    <geneticVariance>1</geneticVariance>
		<startingResearchTags>
			<li>TribalStart</li>
			<li>RomanStart</li>
		</startingResearchTags>
		<hairTags>
			<li>Roman</li>
		</hairTags>
		<apparelStuffFilter>
			<thingDefs>
				<li>Synthread</li>
			</thingDefs>
		</apparelStuffFilter>
	    <homeIconPath>Icon/FactionBase</homeIconPath>
    <colorSpectrum>
      <li>(0, 0.737, 0.847)</li>
    </colorSpectrum>
  </FactionDef>

</Defs>