﻿<?xml version="1.0" encoding="utf-8" ?>
<Defs>

	<JobDef>
		<defName>FillUniversalFermenter</defName>
		<driverClass>UniversalFermenter.JobDriver_FillUniversalFermenter</driverClass>
		<reportString>filling TargetA.</reportString>
		<suspendable>false</suspendable>
		<allowOpportunisticPrefix>true</allowOpportunisticPrefix>
	</JobDef>
	
	<JobDef>
		<defName>TakeProductOutOfUniversalFermenter</defName>
		<driverClass>UniversalFermenter.JobDriver_TakeProductOutOfUniversalFermenter</driverClass>
		<reportString>taking product out of TargetA.</reportString>
		<suspendable>false</suspendable>
		<allowOpportunisticPrefix>true</allowOpportunisticPrefix>
	</JobDef>
	
	<JobDef>
		<defName>AR_DrinkWaterJob</defName>
		<driverClass>JobDriver_WatchBuilding</driverClass>
		<reportString>drinking fresh cold water.</reportString>
		<joyDuration>1000</joyDuration>
		<joyMaxParticipants>3</joyMaxParticipants>
		<joyGainRate>1</joyGainRate>
		<joyKind>Gluttonous</joyKind>
  </JobDef>

</Defs>