﻿<?xml version="1.0" encoding="utf-8" ?>
<Defs>

  <RulePackDef>
    <defName>NamerPersonGreece</defName>
    <rulePack>
      <rulesStrings>
		<li>name->[NamesGreek] of [PlacesGreek]</li>
		<li>name->[NamesGreek] [NamesGreek]</li>
		<li>name->[NamesGreek] [NamesGreek] the [Numbers].</li>
		<li>name->[NamesGreek] [NamesGreek] of [PlacesGreek]</li>
		<li>name->[NamesGreek] [NamesGreek] [NamesGreek]</li>
		<li>name->[NamesGreek] [NamesGreek] the [Numbers].</li>
      </rulesStrings>
	  <rulesRaw>
		<li Class="Rule_File">
          <keyword>Numbers</keyword>
          <path>Words/Foreign/Numbers</path>
        </li>
		<li Class="Rule_File">
          <keyword>NamesGreek</keyword>
          <path>Words/Foreign/NamesGreek</path>
        </li>
		<li Class="Rule_File">
          <keyword>PlacesGreek</keyword>
          <path>Words/Foreign/PlacesGreek</path>
        </li>
      </rulesRaw>
    </rulePack>
  </RulePackDef>
  
  <RulePackDef>
    <defName>NamerFactionBaseGreek</defName>
    <rulePack>
      <rulesStrings>
		<li>name->[PlacesGreek]</li>
      </rulesStrings>
      <rulesRaw>
		<li Class="Rule_File">
          <keyword>PlacesGreek</keyword>
          <path>Words/Foreign/PlacesGreek</path>
        </li>
      </rulesRaw>
    </rulePack>
  </RulePackDef>

</Defs>