﻿<?xml version="1.0" encoding="utf-8" ?>
<Defs>

<!--=============== ballista base ===============-->

  <ThingDef Name="BaseArtilleryBuildingRome" ParentName="BuildingBase" Abstract="True">
    <thingClass>Building_TurretGun</thingClass>
    <graphicData>
      <texPath>Things/Building/Security/TurretMortar_Base</texPath>
      <graphicClass>Graphic_Single</graphicClass>
      <drawSize>(4,4)</drawSize>
      <damageData>
        <rect>(0.38,0.2,0.56375,0.8)</rect>
        <cornerTL>Damage/Corner</cornerTL>
      </damageData>
      <shadowData>
	      <offset>(-0.13,-0.87,-0.1)</offset>
        <volume>(0.5,0.4,1.05)</volume>
      </shadowData>
    </graphicData>
    <minifiedDef>MinifiedThing</minifiedDef>
    <altitudeLayer>Building</altitudeLayer>
    <hasInteractionCell>True</hasInteractionCell>
    <interactionCellOffset>(0,0,-1)</interactionCellOffset>
    <stealable>false</stealable>
    <size>(2,2)</size>
    <passability>PassThroughOnly</passability>
    <pathCost>50</pathCost>
    <fillPercent>0.4</fillPercent>
    <thingCategories>
      <li>BuildingsSecurity</li>
    </thingCategories>
    <stuffCategories>
      <li>Metallic</li>
    </stuffCategories>
    <tickerType>Normal</tickerType>
    <terrainAffordanceNeeded>Light</terrainAffordanceNeeded>
    <designationCategory>Security</designationCategory>
	<costStuffCount>100</costStuffCount>
    <costList>
      <Steel>50</Steel>
      <ComponentIndustrial>3</ComponentIndustrial>
	  <WoodLog>200</WoodLog>
    </costList>
    <inspectorTabs>
      <li>ITab_Shells</li>
    </inspectorTabs>
    <comps>
      <li Class="CompProperties_Forbiddable"/>
      <li Class="CompProperties_Mannable">
        <manWorkType>Violent</manWorkType>
      </li>
    </comps>
    <statBases>
      <MaxHitPoints>180</MaxHitPoints>
      <Flammability>0.7</Flammability>
      <WorkToBuild>1900</WorkToBuild>
      <Mass>30</Mass>
      <Beauty>-20</Beauty>
    </statBases>
    <building>
      <turretBurstWarmupTime>4.0</turretBurstWarmupTime>
			<turretBurstCooldownTime>18.0</turretBurstCooldownTime>
			<buildingTags>
				<li>Artillery</li>
			</buildingTags>
		</building>
    <placeWorkers>
      <li>PlaceWorker_NotUnderRoof</li>
      <li>PlaceWorker_TurretTop</li>
    </placeWorkers>
    <researchPrerequisites>
      <li>AR_Project_Ballistae</li>
    </researchPrerequisites>
    <uiIconScale>1.1</uiIconScale>
  </ThingDef>

  <ThingDef Name="BaseArtilleryWeaponRome" Abstract="True">
    <category>Item</category>
    <thingClass>ThingWithComps</thingClass>
    <label>artillery error</label>
    <useHitPoints>false</useHitPoints>
    <equipmentType>Primary</equipmentType>
    <tickerType>Never</tickerType>
    <techLevel>Medieval</techLevel>
    <destroyOnDrop>True</destroyOnDrop>
    <menuHidden>True</menuHidden>
    <tradeability>None</tradeability>
    <weaponTags>
      <li>Artillery</li>
    </weaponTags>
    <comps>
      <li>
        <compClass>CompEquippable</compClass>
      </li>
      <li Class="CompProperties_ChangeableProjectile" />
    </comps>
    <building>
      <fixedStorageSettings>
        <filter>
          <categories>
            <li>AR_CategoryAmmo</li>
          </categories>
        </filter>
      </fixedStorageSettings>
      <defaultStorageSettings>
        <filter>
          <categories>
            <li>AR_CategoryAmmo</li>
          </categories>
        </filter>
      </defaultStorageSettings>
    </building>
  </ThingDef>

  <!--=============== ballista turret ===============-->

  <ThingDef ParentName="BaseArtilleryBuildingRome">
    <defName>AR_Ballistae_Building</defName>
    <label>Ballista</label>
    <description>The masterpiece of roman siege technology. Shoots diverse kinds of munition, such like stone balls, wich burst in many small pieces, when hitting the ground. Must be manned. Bursts when damaged.</description>
    <comps>
      <li Class="CompProperties_Explosive">
        <explosiveRadius>2.9</explosiveRadius>
        <explosiveDamageType>Bomb</explosiveDamageType>
      </li>
    </comps>
    <terrainAffordanceNeeded>Medium</terrainAffordanceNeeded>
    <building>
      <turretGunDef>AR_Ballistae_Gun</turretGunDef>
      <turretTopGraphicPath>Buildings/Ballistae/Ballistae_Top</turretTopGraphicPath>
      <buildingTags>
        <li>Artillery_BaseDestroyer</li>
      </buildingTags>
    </building>
	<uiIconPath>Icon/Ballista</uiIconPath>
	<uiIconScale>0.9</uiIconScale>
  </ThingDef>
  
  <ThingDef ParentName="BaseArtilleryWeaponRome">
    <defName>AR_Ballistae_Gun</defName>
    <label>Ballista weapon</label>
    <description>Ballistae weapon.</description>
    <weaponTags>
      <li>Artillery_BaseDestroyer</li>
    </weaponTags>
    <verbs>
      <li>
        <verbClass>Verb_Shoot</verbClass>
        <forceNormalTimeSpeed>false</forceNormalTimeSpeed>
        <hasStandardCommand>true</hasStandardCommand>
        <warmupTime>5.8</warmupTime>
        <forcedMissRadius>2</forcedMissRadius>
		<requireLineOfSight>false</requireLineOfSight>
        <minRange>10</minRange>
        <range>500</range>
        <burstShotCount>1</burstShotCount>
        <soundCast>Bow_Large</soundCast>
        <targetParams>
          <canTargetLocations>true</canTargetLocations>
        </targetParams>
      </li>
    </verbs>
  </ThingDef>
  
<!--=============== ballista bullet ===============-->

  <ThingDef ParentName="BaseBullet">
    <defName>AR_Bullet_BallistaeRocky</defName>
    <label>launched rock</label>
    <graphicData>
      <texPath>Projectiles/Stone</texPath>
      <graphicClass>Graphic_Single</graphicClass>
      <shaderType>TransparentPostLight</shaderType>
    </graphicData>
    <thingClass>Projectile_Explosive</thingClass>
    <projectile>
      <damageDef>Bomb</damageDef>
      <damageAmountBase>40</damageAmountBase>
      <speed>41</speed>
      <explosionRadius>0.5</explosionRadius>
      <flyOverhead>true</flyOverhead>
      <soundHitThickRoof>Artillery_HitThickRoof</soundHitThickRoof>
      <soundExplode>Explosion_Bomb</soundExplode>
    </projectile>
  </ThingDef>

  <ThingDef ParentName="BaseBullet">
    <defName>AR_Bullet_BallistaeFire</defName>
    <label>fireball</label>
    <graphicData>
      <texPath>Projectiles/Fire</texPath>
      <graphicClass>Graphic_Single</graphicClass>
      <shaderType>TransparentPostLight</shaderType>
    </graphicData>
    <thingClass>Projectile_Explosive</thingClass>
    <projectile>
      <damageDef>Flame</damageDef>
      <damageAmountBase>40</damageAmountBase>
      <speed>41</speed>
      <explosionRadius>1.5</explosionRadius>
      <flyOverhead>true</flyOverhead>
      <soundHitThickRoof>Artillery_HitThickRoof</soundHitThickRoof>
      <soundExplode>Explosion_Flame</soundExplode>
	  <preExplosionSpawnThingDef>Filth_Fuel</preExplosionSpawnThingDef>
	  <preExplosionSpawnChance>0.7</preExplosionSpawnChance>
    </projectile>
  </ThingDef>
  
	  <!--=============== Scorpio base ===============-->
	  
  <ThingDef Name="BaseArtilleryBuildingRomeScorpio" ParentName="BuildingBase" Abstract="True">
    <thingClass>Building_TurretGun</thingClass>
    <graphicData>
      <texPath>Things/Building/Security/TurretMini_Base</texPath>
      <graphicClass>Graphic_Single</graphicClass>
      <drawSize>(3,3)</drawSize>
      <damageData>
        <rect>(0.2,0.2,0.6,0.6)</rect>
      </damageData>
	</graphicData>
    <minifiedDef>MinifiedThing</minifiedDef>
    <altitudeLayer>Building</altitudeLayer>
    <hasInteractionCell>True</hasInteractionCell>
    <interactionCellOffset>(0,0,-1)</interactionCellOffset>
    <stealable>false</stealable>
    <size>(1,1)</size>
    <passability>PassThroughOnly</passability>
    <pathCost>50</pathCost>
    <fillPercent>0.4</fillPercent>
    <thingCategories>
      <li>BuildingsSecurity</li>
    </thingCategories>
    <stuffCategories>
      <li>Metallic</li>
    </stuffCategories>
    <tickerType>Normal</tickerType>
    <terrainAffordanceNeeded>Light</terrainAffordanceNeeded>
    <designationCategory>Security</designationCategory>
	<costStuffCount>80</costStuffCount>
    <costList>
      <Steel>25</Steel>
      <ComponentIndustrial>2</ComponentIndustrial>
	  <WoodLog>80</WoodLog>
    </costList>
    <comps>
      <li Class="CompProperties_Forbiddable"/>
      <li Class="CompProperties_Mannable">
        <manWorkType>Violent</manWorkType>
      </li>
      <li Class="CompProperties_Explosive">
        <explosiveRadius>2.0</explosiveRadius>
        <explosiveDamageType>Bomb</explosiveDamageType>
		<chanceNeverExplodeFromDamage>0.5</chanceNeverExplodeFromDamage>
      </li>
    </comps>
    <statBases>
      <MaxHitPoints>180</MaxHitPoints>
      <Flammability>0.7</Flammability>
      <WorkToBuild>1900</WorkToBuild>
      <Mass>30</Mass>
      <Beauty>-20</Beauty>
    </statBases>
    <building>
      <turretBurstWarmupTime>4.0</turretBurstWarmupTime>
			<turretBurstCooldownTime>18.0</turretBurstCooldownTime>
			<buildingTags>
				<li>Artillery</li>
			</buildingTags>
		</building>
    <placeWorkers>
      <li>PlaceWorker_TurretTop</li>
    </placeWorkers>
    <researchPrerequisites>
      <li>AR_Project_Mechanical_Weapons</li>
    </researchPrerequisites>
    <uiIconScale>1.1</uiIconScale>
	<specialDisplayRadius>40</specialDisplayRadius>
	<drawGUIOverlay>True</drawGUIOverlay>
  </ThingDef>
  
  <ThingDef ParentName="BaseArtilleryBuildingRomeScorpio">
    <defName>AR_Scorpio_Building</defName>
    <label>Scorpio</label>
    <description>The masterpiece of roman siege technology. Shoots diverse kinds of munition, such like a single pointy bolts. Must be manned. Bursts when damaged. This one is smaller than the others.</description>
    <building>
	  <ai_combatDangerous>true</ai_combatDangerous>
	  <turretBurstCooldownTime>1.1</turretBurstCooldownTime>
	  <turretBurstWarmupTime>1.9</turretBurstWarmupTime>
      <turretGunDef>AR_Scorpio_Gun</turretGunDef>
      <turretTopGraphicPath>Buildings/Ballistae/Scorpio_Top</turretTopGraphicPath>
    </building>
	<researchPrerequisites>
      <li>AR_Project_Mechanical_Weapons</li>
    </researchPrerequisites>
  </ThingDef>
  
  <ThingDef ParentName="BaseHumanGun">
    <defName>AR_Scorpio_Gun</defName>
    <label>Scorpio weapon</label>
    <description>Ballistae weapon.</description>
	<graphicData>
      <texPath>Buildings/Ballistae/Scorpio_Top</texPath>
      <graphicClass>Graphic_Single</graphicClass>
    </graphicData>
	<statBases>
      <AccuracyTouch>0.75</AccuracyTouch>
      <AccuracyShort>0.96</AccuracyShort>
      <AccuracyMedium>0.96</AccuracyMedium>
      <AccuracyLong>0.90</AccuracyLong>
      <RangedWeapon_Cooldown>1.26</RangedWeapon_Cooldown>
	  <Mass>10</Mass>
	  <MaxHitPoints>300</MaxHitPoints>
    </statBases>
    <weaponTags>
      <li>TurretGun</li>
    </weaponTags>
	<menuHidden>true</menuHidden>
    <destroyOnDrop>true</destroyOnDrop>
    <tradeability>None</tradeability>
	<soundInteract>Bow_Large</soundInteract>
    <verbs>
      <li>
        <verbClass>Verb_Shoot</verbClass>
        <forceNormalTimeSpeed>false</forceNormalTimeSpeed>
        <hasStandardCommand>true</hasStandardCommand>
        <defaultProjectile>AR_Bullet_Scorpio</defaultProjectile>
        <warmupTime>1.9</warmupTime>
        <range>40</range>
        <soundCast>Bow_Large</soundCast>
		<burstShotCount>1</burstShotCount>
      </li>
    </verbs>
  </ThingDef>
  
  <ThingDef ParentName="BaseBullet">
    <defName>AR_Bullet_Scorpio</defName>
    <label>launched rock</label>
    <graphicData>
      <texPath>Projectiles/Bolt</texPath>
      <graphicClass>Graphic_Single</graphicClass>
      <shaderType>TransparentPostLight</shaderType>
    </graphicData>
	 <projectile>
      <damageDef>Stab</damageDef>
      <damageAmountBase>30</damageAmountBase>
      <speed>40</speed>
    </projectile>
  </ThingDef>

</Defs>