﻿<?xml version="1.0" encoding="utf-8" ?>
<Defs>

<!-- Raw Vegetables -->

  <ThingDef ParentName="PlantFoodRawBase">
    <defName>AR_RawOlives</defName>
    <label>olives</label>
    <description>Tiny green berries with a high amount of oil and fat.</description>
    <graphicData>
      <texPath>Items/Stuff/Foods/Olives</texPath>
    </graphicData>
    <statBases>
      <MarketValue>2</MarketValue>
    </statBases>
    <ingestible>
      <foodType>VegetableOrFruit</foodType>
    </ingestible>
    <comps>
      <li Class="CompProperties_Rottable">
        <daysToRotStart>30</daysToRotStart>
        <rotDestroys>true</rotDestroys>
      </li>
    </comps>
  </ThingDef>

  <thingDef ParentName="PlantFoodRawBase">
    <defName>AR_RawArtichoke</defName>
    <label>artichokes</label>
    <description>Edible blooms of a thistle.</description>
    <graphicData>
      <texPath>Items/Stuff/Foods/Artichoke</texPath>
    </graphicData>
    <statBases>
      <MarketValue>2</MarketValue>
	  <Nutrition>0.1</Nutrition>
    </statBases>
    <ingestible>
      <foodType>VegetableOrFruit</foodType>
    </ingestible>
    <comps>
      <li Class="CompProperties_Rottable">
        <daysToRotStart>30</daysToRotStart>
				<rotDestroys>true</rotDestroys>
      </li>
    </comps>
  </thingDef>
  
  <thingDef ParentName="PlantFoodRawBase">
    <defName>AR_RawGrapes</defName>
    <label>grapes</label>
    <description>Assorted wine berries. Nice to eat, even when raw. Also good to ferment</description>
    <graphicData>
      <texPath>Items/Stuff/Foods/Grapes</texPath>
    </graphicData>
    <statBases>
      <MarketValue>2.0</MarketValue>
	</statBases>
    <comps>
      <li Class="CompProperties_Rottable">
        <daysToRotStart>14</daysToRotStart>
				<rotDestroys>true</rotDestroys>
			</li>
    </comps>
    <ingestible>
      <preferability>RawTasty</preferability>
			<tasteThought></tasteThought>
      <foodType>VegetableOrFruit</foodType>
    </ingestible>
  </thingDef>
  
  <thingDef ParentName="PlantFoodRawBase">
    <defName>AR_RawPomegranate</defName>
    <label>Pomegranates</label>
    <description>Tasty red fruids, full of seeds.</description>
    <graphicData>
      <texPath>Items/Stuff/Foods/Pomegranate</texPath>
    </graphicData>
    <statBases>
      <MarketValue>3.0</MarketValue>
	</statBases>
    <comps>
      <li Class="CompProperties_Rottable">
        <daysToRotStart>40</daysToRotStart>
				<rotDestroys>true</rotDestroys>
			</li>
    </comps>
    <ingestible>
      <preferability>RawTasty</preferability>
			<tasteThought></tasteThought>
      <foodType>VegetableOrFruit</foodType>
    </ingestible>
  </thingDef>
  
<!-- Foods -->

  <thingDef ParentName="OrganicProductBase">
    <defName>AR_OliveOil</defName>
    <label>olive oil</label>
    <description>Oil of olives.</description>
    <graphicData>
      <texPath>Items/Stuff/Foods/OliveOil</texPath>
      <graphicClass>Graphic_StackCount</graphicClass>
    </graphicData>
	<thingCategories>
	  <li>Manufactured</li>
    </thingCategories>
    <soundInteract>Standard_Drop</soundInteract>
    <soundDrop>Standard_Drop</soundDrop>
	<tickerType>Normal</tickerType>
	<socialPropernessMatters>true</socialPropernessMatters>
    <ingestible>
	  <foodType>Plant</foodType>
      <preferability>DesperateOnly</preferability>
	  <tasteThought>AR_DrankOil</tasteThought>
	  <optimalityOffsetHumanlikes>-10</optimalityOffsetHumanlikes>
	  <optimalityOffsetFeedingAnimals>-100</optimalityOffsetFeedingAnimals>
      <ingestEffect>EatVegetarian</ingestEffect>
      <ingestSound>RawVegetable_Eat</ingestSound>
    </ingestible>
    <statBases>
      <MaxHitPoints>100</MaxHitPoints>
      <MarketValue>18</MarketValue>
      <Mass>0.25</Mass>
      <Flammability>1.0</Flammability>
      <DeteriorationRate>2</DeteriorationRate>
	  <FoodPoisonChanceFixedHuman>0.02</FoodPoisonChanceFixedHuman>
      <Nutrition>0.025</Nutrition>
    </statBases>
	<comps>
      <li Class="CompProperties_Rottable">
        <daysToRotStart>50</daysToRotStart>
		<rotDestroys>true</rotDestroys>
      </li>
	  <li Class="CompProperties_Ingredients" />
    </comps>
  </thingDef>
  
    <ThingDef ParentName="MealRottable">
    <defName>AR_FryedEgg</defName>
    <label>fried eggs</label>
    <description>A simple meal quickly fryed in fat or oil from eggs.</description>
    <graphicData>
      <texPath>Items/Stuff/Foods/FryedEgg</texPath>
      <graphicClass>Graphic_StackCount</graphicClass>
    </graphicData>
    <statBases>
      <MarketValue>28</MarketValue>
      <WorkToMake>300</WorkToMake>
      <Nutrition>0.9</Nutrition>
    </statBases>
    <ingestible>
      <preferability>MealFine</preferability>
			<ingestEffect>EatVegetarian</ingestEffect>
			<tasteThought>AR_AteFryedMeal</tasteThought>
      <ingestSound>Meal_Eat</ingestSound>
    </ingestible>
  </ThingDef>
  
  <ThingDef ParentName="MealRottable">
    <defName>AR_FryedMeat</defName>
    <label>fried meat</label>
    <description>A simple meal quickly fryed in fat or oil from meat.</description>
    <graphicData>
      <texPath>Items/Stuff/Foods/FryedMeat</texPath>
      <graphicClass>Graphic_StackCount</graphicClass>
    </graphicData>
    <statBases>
      <MarketValue>28</MarketValue>
      <WorkToMake>300</WorkToMake>
      <Nutrition>0.9</Nutrition>
    </statBases>
    <ingestible>
      <preferability>MealFine</preferability>
			<ingestEffect>EatVegetarian</ingestEffect>
			<tasteThought>AR_AteFryedMeal</tasteThought>
      <ingestSound>Meal_Eat</ingestSound>
    </ingestible>
  </ThingDef>
  
  <ThingDef ParentName="MealRottable">
    <defName>AR_Salad</defName>
    <label>roman salad</label>
    <description>Diverse vegetables with a wholw bunch of dressing like plant oil.</description>
    <graphicData>
      <texPath>Items/Stuff/Foods/Salad</texPath>
      <graphicClass>Graphic_StackCount</graphicClass>
    </graphicData>
    <statBases>
      <MarketValue>28</MarketValue>
      <WorkToMake>300</WorkToMake>
      <Nutrition>0.9</Nutrition>
    </statBases>
    <ingestible>
      <preferability>MealFine</preferability>
			<ingestEffect>EatVegetarian</ingestEffect>
			<tasteThought>AR_AteSalad</tasteThought>
      <ingestSound>Meal_Eat</ingestSound>
    </ingestible>
  </ThingDef> 

  <ThingDef ParentName="DrugBase">
    <defName>AR_Wine</defName>
    <label>wine</label>
    <description>A more exclusive and more civilized kind of alcoholic drink made of fermented fruit. Excessive consumption can lead to alcohol blackouts and, over time, addiction.</description>
    <graphicData>
      <texPath>Items/Stuff/Foods/Wine</texPath>
      <graphicClass>Graphic_StackCount</graphicClass>
    </graphicData>
    <equippedAngleOffset>-150</equippedAngleOffset>
    <rotatable>false</rotatable>
    <stackLimit>25</stackLimit>
    <statBases>
      <DeteriorationRate>0.5</DeteriorationRate>
      <MarketValue>12</MarketValue>
      <Mass>0.3</Mass>
      <Flammability>0.5</Flammability>
      <Nutrition>0.08</Nutrition>
    </statBases>
    <ingestible>
      <foodType>Fluid, Processed, Liquor</foodType>
      <joyKind>Chemical</joyKind>
      <joy>0.17</joy>
      <nurseable>true</nurseable>
      <drugCategory>Social</drugCategory>
      <ingestSound>Ingest_Beer</ingestSound>
      <ingestHoldOffsetStanding>
        <northDefault>
          <offset>(0.18,0,0)</offset>
        </northDefault>
      </ingestHoldOffsetStanding>
      <ingestCommandString>Drink {0}</ingestCommandString>
      <ingestReportString>Drinking {0}.</ingestReportString>
      <chairSearchRadius>25</chairSearchRadius>
      <outcomeDoers>
        <li Class="IngestionOutcomeDoer_GiveHediff">
          <hediffDef>AlcoholHigh</hediffDef>
          <severity>0.15</severity>
          <toleranceChemical>Alcohol</toleranceChemical>
        </li>
        <li Class="IngestionOutcomeDoer_GiveHediff">
          <hediffDef>AlcoholTolerance</hediffDef>
          <severity>0.016</severity>
					<divideByBodySize>true</divideByBodySize>
				</li>
      </outcomeDoers>
    </ingestible>
    <equipmentType>Primary</equipmentType>
    <techLevel>Neolithic</techLevel>
    <comps>
      <li Class="CompProperties_Drug">
        <chemical>Alcohol</chemical>
        <addictiveness>0.010</addictiveness>
        <minToleranceToAddict>0.25</minToleranceToAddict>
        <existingAddictionSeverityOffset>0.20</existingAddictionSeverityOffset>
        <needLevelOffset>1</needLevelOffset>
        <listOrder>10</listOrder>
      </li>
      <li>
        <compClass>CompEquippable</compClass>
      </li>
    </comps>
    <tools>
      <li>
        <label>bottle</label>
        <capacities>
          <li>Blunt</li>
        </capacities>
        <power>9</power>
        <cooldownTime>2</cooldownTime>
      </li>
      <li>
        <label>neck</label>
        <capacities>
          <li>Poke</li>
        </capacities>
        <power>9</power>
        <cooldownTime>2</cooldownTime>
      </li>
    </tools>
  </ThingDef>

  
  <!-- Ammo -->
  
  <thingDef ParentName="ResourceBase">
    <defName>AR_AmmoStone</defName>
    <label>ballistae stone</label>
    <description>Stones to shoot.</description>
    <graphicData>
      <texPath>Items/Stuff/Ammo/Stones</texPath>
      <graphicClass>Graphic_StackCount</graphicClass>
    </graphicData>
    <soundInteract>Standard_Drop</soundInteract>
    <soundDrop>Standard_Drop</soundDrop>
    <statBases>
      <MaxHitPoints>100</MaxHitPoints>
      <MarketValue>1</MarketValue>
      <Mass>1</Mass>
      <Flammability>0</Flammability>
      <DeteriorationRate>0</DeteriorationRate>
    </statBases>
    <thingCategories>
      <li>AR_CategoryAmmo</li>
    </thingCategories>
	<projectileWhenLoaded>AR_Bullet_BallistaeRocky</projectileWhenLoaded>	
	<tickerType>Normal</tickerType>
  </thingDef>
  
  <thingDef ParentName="ResourceBase">
    <defName>AR_AmmoFire</defName>
    <label>ballistae incendiary ammo</label>
    <description>fireballs</description>
    <graphicData>
      <texPath>Items/Stuff/Ammo/Fire</texPath>
      <graphicClass>Graphic_StackCount</graphicClass>
    </graphicData>
    <soundInteract>Standard_Drop</soundInteract>
    <soundDrop>Standard_Drop</soundDrop>
    <statBases>
      <MaxHitPoints>50</MaxHitPoints>
      <MarketValue>1</MarketValue>
      <Mass>1</Mass>
      <Flammability>1</Flammability>
      <DeteriorationRate>2</DeteriorationRate>
    </statBases>
    <thingCategories>
      <li>AR_CategoryAmmo</li>
    </thingCategories>
	<comps>
      <li Class="CompProperties_Explosive">
        <explosiveRadius>1.9</explosiveRadius>
        <explosiveDamageType>Flame</explosiveDamageType>
        <explosiveExpandPerStackcount>0.4</explosiveExpandPerStackcount>
        <startWickHitPointsPercent>0.333</startWickHitPointsPercent>
        <wickTicks>
          <min>10</min>
          <max>30</max>
        </wickTicks>
      </li>
    </comps>
	<projectileWhenLoaded>AR_Bullet_BallistaeFire</projectileWhenLoaded>	
	<tickerType>Normal</tickerType>
  </thingDef>

</Defs>