﻿<?xml version="1.0" encoding="utf-8" ?>
<Defs>

  <terrainDef Abstract="True" ParentName="FloorBase" Name="MosaikBase">
    <renderPrecedence>220</renderPrecedence>
    <description>Taking a very long time to lay, the mosaik is the most atractive flooring wich can found in any house of civilized people.</description>
    <texturePath>Floors/roundish</texturePath>
    <statBases>
      <WorkToBuild>2200</WorkToBuild>
      <Beauty>4</Beauty>
    </statBases>
	<designatorDropdown>Floor_Mosaik</designatorDropdown>
    <researchPrerequisites>
      <li>Stonecutting</li>
    </researchPrerequisites>
    <constructionSkillPrerequisite>3</constructionSkillPrerequisite>
  </terrainDef>
  
  <terrainDef ParentName="MosaikBase">
    <defName>AR_MosaikSandstone</defName>
    <label>roundish sandstone mosaik</label>
    <color>(126,104,94)</color>
    <costList>
      <BlocksSandstone>6</BlocksSandstone>
    </costList>
  </terrainDef>

  <terrainDef ParentName="MosaikBase">
    <defName>AR_MosaikGranite</defName>
    <label>roundish granite mosaik</label>
    <color>(105,95,97)</color>
    <costList>
      <BlocksGranite>6</BlocksGranite>
    </costList>
  </terrainDef>

  <terrainDef ParentName="MosaikBase">
    <defName>AR_MosaikLimestone</defName>
    <label>roundish limestone mosaik</label>
    <color>(158,153,135)</color>
    <costList>
      <BlocksLimestone>6</BlocksLimestone>
    </costList>
  </terrainDef>

  <terrainDef ParentName="MosaikBase">
    <defName>AR_MosaikMarble</defName>
    <label>roundish marble mosaik</label>
    <color>(132,135,132)</color>
    <costList>
      <BlocksMarble>6</BlocksMarble>
    </costList>
  </terrainDef>
  
  <terrainDef ParentName="MosaikBase">
    <defName>AR_MosaikSlate</defName>
    <label>roundish slate mosaik</label>
	<texturePath>Floors/roundishnegative</texturePath>
    <color>(128,128,128)</color>
    <costList>
      <BlocksSlate>6</BlocksSlate>
    </costList>
  </terrainDef>
  
</Defs>