<?xml version="1.0" encoding="utf-8" ?>
<Defs>
	<ThingDef Name="RomeArmourMakeableBase" ParentName="ApparelBase" Abstract="True">
		<statBases>
			<MaxHitPoints>300</MaxHitPoints>
			<Flammability>1.0</Flammability>
			<DeteriorationRate>2</DeteriorationRate>
			<Beauty>-4</Beauty>
			<SellPriceFactor>0.70</SellPriceFactor>
		</statBases>
		<recipeMaker>
			<unfinishedThingDef>UnfinishedApparel</unfinishedThingDef>
			<workSpeedStat>GeneralLaborSpeed</workSpeedStat>
			<workSkill>Crafting</workSkill>
			<effectWorking>Smith</effectWorking>
			<soundWorking>Recipe_Smith</soundWorking>
			<recipeUsers>
				<li>AR_Smithy_Rome</li>
			</recipeUsers>
			<defaultIngredientFilter>
				<categories>
					<li>Root</li>
				</categories>
				<disallowedThingDefs>
					<li>Gold</li>
					<li>Silver</li>
					<li>Plasteel</li>
					<li>Jade</li>
					<li>Uranium</li>
				</disallowedThingDefs>
			</defaultIngredientFilter>
		</recipeMaker>
	</ThingDef>
	
	<!-- Roman -->
	
	<thingDef ParentName="RomeArmourMakeableBase">
		<defName>AR_TripleDisc</defName>
		<description>An pre-roman Armour type worn by the Italian tribe of the Samnites. Basically a torso plate decorated with three discs</description>
		<label>Triple-disc-Armour</label>
		<graphicData>
			<texPath>Items/Apparel/TripleDiscOnMap</texPath>
			<graphicClass>Graphic_Single</graphicClass>
		</graphicData>
		<costStuffCount>100</costStuffCount>
		<stuffCategories>
			<li>Metallic</li>
		</stuffCategories>
		<thingCategories>
			<li>Apparel</li>
		</thingCategories>
		<equippedStatOffsets>
			<MoveSpeed>-0.05</MoveSpeed>
		</equippedStatOffsets>
		<statBases>
			<WorkToMake>15000</WorkToMake>
			<Mass>5</Mass>
			<StuffEffectMultiplierArmor>0.66</StuffEffectMultiplierArmor>
			<StuffEffectMultiplierInsulation_Cold>0</StuffEffectMultiplierInsulation_Cold>
			<StuffEffectMultiplierInsulation_Heat>0.5</StuffEffectMultiplierInsulation_Heat>
			<EquipDelay>5</EquipDelay>
		</statBases>
		<apparel>
			<bodyPartGroups>
				<li>Torso</li>
			</bodyPartGroups>
			<wornGraphicPath>Items/Apparel/TripleDisc/TripleDisc</wornGraphicPath>
			<layers>
				<li>Middle</li>
			</layers>
			<tags>
				<li>RomeSoldier</li>
			</tags>
			<defaultOutfitTags>
				<li>Soldier</li>
			</defaultOutfitTags>
		</apparel>
		<colorGenerator Class="ColorGenerator_StandardApparel" />
	<recipeMaker>
      <skillRequirements>
        <Crafting>3</Crafting>
      </skillRequirements>
    </recipeMaker>
	</thingDef>
	
	<thingDef ParentName="RomeArmourMakeableBase">
		<defName>AR_LoricaSegmentata</defName>
		<description>The standard Armour of civilized armies. Made of many metal stripes.</description>
		<label>Lorica Segmentata</label>
		<graphicData>
			<texPath>Items/Apparel/LoricaSegmentataOnMap</texPath>
			<graphicClass>Graphic_Single</graphicClass>
			<shaderType>CutoutComplex</shaderType>
		</graphicData>
		<costStuffCount>150</costStuffCount>
		<stuffCategories>
			<li>Metallic</li>
		</stuffCategories>
		<thingCategories>
			<li>Apparel</li>
		</thingCategories>
		<equippedStatOffsets>
			<MoveSpeed>-0.05</MoveSpeed>
		</equippedStatOffsets>
		<statBases>
			<WorkToMake>28000</WorkToMake>
			<Mass>15</Mass>
			<StuffEffectMultiplierArmor>0.87</StuffEffectMultiplierArmor>
			<StuffEffectMultiplierInsulation_Cold>0.5</StuffEffectMultiplierInsulation_Cold>
			<StuffEffectMultiplierInsulation_Heat>0.5</StuffEffectMultiplierInsulation_Heat>
			<EquipDelay>15</EquipDelay>
		</statBases>
		<apparel>
			<bodyPartGroups>
				<li>Torso</li>
				<li>Shoulders</li>
				<li>Legs</li>
			</bodyPartGroups>
			<wornGraphicPath>Items/Apparel/LoricaSegmentata/LoricaSegmentata</wornGraphicPath>
			<useWornGraphicMask>true</useWornGraphicMask>
			<layers>
				<li>Middle</li>
			</layers>
			<tags>
			</tags>
			<defaultOutfitTags>
				<li>Soldier</li>
			</defaultOutfitTags>
		</apparel>
		<colorGenerator Class="ColorGenerator_StandardApparel" />
	<recipeMaker>
		<researchPrerequisite>AR_Project_Segmental_Armour</researchPrerequisite>
		<skillRequirements>
			<Crafting>10</Crafting>
		</skillRequirements>
    </recipeMaker>
	</thingDef>
  
  <thingDef ParentName="RomeArmourMakeableBase">
    <defName>AR_LoricaHamata</defName>
    <description>The early Roman chain mail, kept in the style of Greek Armours.</description>
    <label>Lorica Hamata</label>
    <graphicData>
      <texPath>Items/Apparel/LoricaHamataOnMap</texPath>
      <graphicClass>Graphic_Single</graphicClass>
    </graphicData>
    <thingCategories>
      <li>Apparel</li>
    </thingCategories>
	<equippedStatOffsets>
		<MoveSpeed>-0.05</MoveSpeed>
	</equippedStatOffsets>
    <statBases>
	  <WorkToMake>20000</WorkToMake>
      <MaxHitPoints>300</MaxHitPoints>
      <Mass>15</Mass>
      <ArmorRating_Sharp>0.50</ArmorRating_Sharp>
      <ArmorRating_Blunt>0.16</ArmorRating_Blunt>
      <ArmorRating_Heat>0.27</ArmorRating_Heat>
      <Insulation_Cold>1</Insulation_Cold>
	  <Insulation_Heat>1</Insulation_Heat>
      <EquipDelay>15</EquipDelay>
    </statBases>
    <costList>
	  <AR_Iron>70</AR_Iron>
	  <Cloth>50</Cloth>
    </costList>
    <apparel>
      <bodyPartGroups>
        <li>Torso</li>
        <li>Shoulders</li>
        <li>Arms</li>
        <li>Legs</li>
      </bodyPartGroups>
      <wornGraphicPath>Items/Apparel/LoricaHamata/LoricaHamata</wornGraphicPath>
      <layers>
        <li>Middle</li>
      </layers>
      <tags>
        <li>RomeSoldier</li>
      </tags>
      <defaultOutfitTags>
        <li>Soldier</li>
      </defaultOutfitTags>
    </apparel>
	<recipeMaker>
		<researchPrerequisite>AR_Project_Chainmail</researchPrerequisite>
		<skillRequirements>
			<Crafting>6</Crafting>
		</skillRequirements>
	</recipeMaker>
  </thingDef>	
  
  <thingDef ParentName="RomeArmourMakeableBase">
    <defName>AR_LoricaMusculataR</defName>
    <description>Armour of civilized officers. Look very impressive.</description>
    <label>Lorica Musculata (Roman)</label>
    <graphicData>
      <texPath>Items/Apparel/LoricaMusculataRomeOnMap</texPath>
      <graphicClass>Graphic_Single</graphicClass>
      <shaderType>CutoutComplex</shaderType>
    </graphicData>
    <costStuffCount>170</costStuffCount>
    <stuffCategories>
      <li>Metallic</li>
    </stuffCategories>
    <thingCategories>
      <li>Apparel</li>
    </thingCategories>
    <costList>
      <Cloth>50</Cloth>
    </costList>
    <statBases>
      <MaxHitPoints>360</MaxHitPoints>
      <WorkToMake>32000</WorkToMake>
	  <Mass>15</Mass>
      <StuffEffectMultiplierArmor>0.83</StuffEffectMultiplierArmor>
      <StuffEffectMultiplierInsulation_Cold>0.5</StuffEffectMultiplierInsulation_Cold>
      <StuffEffectMultiplierInsulation_Heat>0.5</StuffEffectMultiplierInsulation_Heat>
      <EquipDelay>15</EquipDelay>
    </statBases>
    <equippedStatOffsets>
      <MoveSpeed>-0.1</MoveSpeed>
	  <SocialImpact>0.15</SocialImpact>
    </equippedStatOffsets>
    <apparel>
      <bodyPartGroups>
        <li>Torso</li>
        <li>Shoulders</li>
        <li>Arms</li>
        <li>Legs</li>
      </bodyPartGroups>
      <wornGraphicPath>Items/Apparel/LoricaMusculataRome/LoricaMusculata</wornGraphicPath>
	  <useWornGraphicMask>true</useWornGraphicMask>
      <layers>
        <li>Middle</li>
      </layers>
      <tags>
		<li>Praetorian</li>
		<li>RomeNoble</li>
      </tags>
      <defaultOutfitTags>
        <li>Soldier</li>
      </defaultOutfitTags>
    </apparel>
	<recipeMaker>
		<researchPrerequisite>AR_Project_Segmental_Armour</researchPrerequisite>
		<skillRequirements>
			<Crafting>8</Crafting>
		</skillRequirements>
	</recipeMaker>
  </thingDef>
		
	<!-- Greek -->
	
	<thingDef ParentName="RomeArmourMakeableBase">
		<defName>AR_Linothorax</defName>
		<description>An Greek kind of Armour, which is made of many glued layers of cloth.</description>
		<label>Linothorax</label>
		<graphicData>
			<texPath>Items/Apparel/LinothoraxOnMap</texPath>
			<graphicClass>Graphic_Single</graphicClass>
		</graphicData>
		<costList>
			<AR_Bronze>50</AR_Bronze>
			<Cloth>100</Cloth>
		</costList>
		<thingCategories>
			<li>Apparel</li>
		</thingCategories>
		<statBases>
			<WorkToMake>13000</WorkToMake>
			<Mass>7</Mass>
			<Flammability>0.6</Flammability>
			<ArmorRating_Sharp>0.40</ArmorRating_Sharp>
			<ArmorRating_Blunt>0.22</ArmorRating_Blunt>
			<ArmorRating_Heat>0.10</ArmorRating_Heat>
			<Insulation_Cold>3</Insulation_Cold>
			<Insulation_Heat>3</Insulation_Heat>
			<EquipDelay>3</EquipDelay>
		</statBases>
		<apparel>
			<bodyPartGroups>
				<li>Torso</li>
				<li>Shoulders</li>
				<li>Legs</li>
				<li>Arms</li>
			</bodyPartGroups>
			<wornGraphicPath>Items/Apparel/Linothorax/Linothorax</wornGraphicPath>
			<layers>
				<li>Middle</li>
			</layers>
			<tags>
				<li>HellenicSoldier</li>
				<li>Macedon</li>
			</tags>
			<defaultOutfitTags>
				<li>Soldier</li>
			</defaultOutfitTags>
		</apparel>
		<recipeMaker>
		<researchPrerequisite>AR_Project_Light_Armour</researchPrerequisite>
		<skillRequirements>
			<Crafting>5</Crafting>
		</skillRequirements>
	</recipeMaker>
	</thingDef>
	
  <thingDef ParentName="AncientApparelMakeableBase">
    <defName>AR_LoricaMusculataL</defName>
    <description>Armour of civilized officers. Look very impressive.</description>
    <label>light Lorica Musculata</label>
    <graphicData>
      <texPath>Items/Apparel/LoricaMusculataGreeceOnMap</texPath>
      <graphicClass>Graphic_Single</graphicClass>
      <shaderType>CutoutComplex</shaderType>
    </graphicData>
    <costStuffCount>170</costStuffCount>
    <stuffCategories>
      <li>Leathery</li>
    </stuffCategories>
    <thingCategories>
      <li>Apparel</li>
    </thingCategories>
    <costList>
      <Cloth>50</Cloth>
    </costList>
    <statBases>
      <MaxHitPoints>360</MaxHitPoints>
      <WorkToMake>31000</WorkToMake>
      <Mass>15</Mass>
      <StuffEffectMultiplierArmor>0.43</StuffEffectMultiplierArmor>
      <StuffEffectMultiplierInsulation_Cold>0.5</StuffEffectMultiplierInsulation_Cold>
      <StuffEffectMultiplierInsulation_Heat>0.5</StuffEffectMultiplierInsulation_Heat>
      <EquipDelay>15</EquipDelay>
    </statBases>
    <equippedStatOffsets>
	  <SocialImpact>0.15</SocialImpact>
    </equippedStatOffsets>
    <apparel>
      <bodyPartGroups>
        <li>Torso</li>
        <li>Shoulders</li>
        <li>Arms</li>
        <li>Legs</li>
      </bodyPartGroups>
      <wornGraphicPath>Items/Apparel/LoricaMusculataGreece/LoricaMusculata</wornGraphicPath>
	  <useWornGraphicMask>true</useWornGraphicMask>
      <layers>
        <li>Middle</li>
      </layers>
      <tags>
		<li>HellenicSoldier</li>
      </tags>
      <defaultOutfitTags>
        <li>Soldier</li>
      </defaultOutfitTags>
    </apparel>
	<recipeMaker>
		<researchPrerequisite>AR_Project_Light_Armour</researchPrerequisite>
		<skillRequirements>
			<Crafting>5</Crafting>
		</skillRequirements>
	</recipeMaker>
  </thingDef>

  <thingDef ParentName="RomeArmourMakeableBase">
    <defName>AR_LoricaMusculataG</defName>
    <description>Armour of civilized officers. Look very impressive.</description>
    <label>Lorica Musculata (Greek)</label>
    <graphicData>
      <texPath>Items/Apparel/LoricaMusculataGreeceOnMap</texPath>
      <graphicClass>Graphic_Single</graphicClass>
      <shaderType>CutoutComplex</shaderType>
    </graphicData>
    <costStuffCount>170</costStuffCount>
    <stuffCategories>
      <li>Metallic</li>
    </stuffCategories>
    <thingCategories>
      <li>Apparel</li>
    </thingCategories>
    <costList>
      <Cloth>50</Cloth>
    </costList>
    <statBases>
      <MaxHitPoints>360</MaxHitPoints>
      <WorkToMake>31000</WorkToMake>
      <Mass>15</Mass>
      <StuffEffectMultiplierArmor>0.73</StuffEffectMultiplierArmor>
      <StuffEffectMultiplierInsulation_Cold>0.5</StuffEffectMultiplierInsulation_Cold>
      <StuffEffectMultiplierInsulation_Heat>0.5</StuffEffectMultiplierInsulation_Heat>
      <EquipDelay>15</EquipDelay>
    </statBases>
    <equippedStatOffsets>
      <MoveSpeed>-0.1</MoveSpeed>
	  <SocialImpact>0.15</SocialImpact>
    </equippedStatOffsets>
    <apparel>
      <bodyPartGroups>
        <li>Torso</li>
        <li>Shoulders</li>
        <li>Arms</li>
        <li>Legs</li>
      </bodyPartGroups>
      <wornGraphicPath>Items/Apparel/LoricaMusculataGreece/LoricaMusculata</wornGraphicPath>
	  <useWornGraphicMask>true</useWornGraphicMask>
      <layers>
        <li>Middle</li>
      </layers>
      <tags>
		<li>RomeOfficer</li>
		<li>HellenicHeavy</li>
		<li>RomeNoble</li>
      </tags>
      <defaultOutfitTags>
        <li>Soldier</li>
      </defaultOutfitTags>
    </apparel>
	<recipeMaker>
		<researchPrerequisite>PlateArmor</researchPrerequisite>
		<skillRequirements>
			<Crafting>8</Crafting>
		</skillRequirements>
	</recipeMaker>
  </thingDef>
  
	<!-- Civil -->
	
	<thingDef ParentName="AncientApparelMakeableBase">
		<defName>AR_Toga</defName>
		<description>A very big piece of cloth which is looped in some layers around the body. The toga is a symbol of the higher developed roman culture and only male citizens were allowed to wear it.</description>
		<label>toga</label>
		<graphicData>
			<texPath>Items/Apparel/TogaOnMap</texPath>
			<graphicClass>Graphic_Single</graphicClass>
		</graphicData>
		<costStuffCount>200</costStuffCount>
		<stuffCategories>
			<li>Fabric</li>
		</stuffCategories>
		<thingCategories>
			<li>Apparel</li>
		</thingCategories>
		<statBases>
			<WorkToMake>25000</WorkToMake>
			<Mass>2.2</Mass>
			<StuffEffectMultiplierArmor>0.3</StuffEffectMultiplierArmor>
			<StuffEffectMultiplierInsulation_Cold>0.3</StuffEffectMultiplierInsulation_Cold>
			<StuffEffectMultiplierInsulation_Heat>0.8</StuffEffectMultiplierInsulation_Heat>
			<EquipDelay>2.5</EquipDelay>
		</statBases>
		<equippedStatOffsets>
			<SocialImpact>0.3</SocialImpact>
		</equippedStatOffsets>
		<apparel>
			<bodyPartGroups>
				<li>Torso</li>
				<li>Shoulders</li>
				<li>Legs</li>
			</bodyPartGroups>
			<wornGraphicPath>Items/Apparel/Toga/Toga</wornGraphicPath>
			<layers>
				<li>Middle</li>
			</layers>
			<tags>
				<li>RomeCivil</li>
				<li>RomePlayer</li>
				<li>RomeNoble</li>
			</tags>
			<defaultOutfitTags>
				<li>Worker</li>
			</defaultOutfitTags>
		</apparel>
		<colorGenerator Class="ColorGenerator_StandardApparel" />
		<recipeMaker><researchPrerequisite>AR_Project_Mediterranean_Culture</researchPrerequisite></recipeMaker>
	</thingDef>

	<thingDef ParentName="AncientApparelMakeableBase">
		<defName>AR_Sagum</defName>
		<description>A bigger piece of cloth and a silver brooch. Originally worn by rich soldiers.</description>
		<label>sagum</label>
		<graphicData>
			<texPath>Items/Apparel/SagumOnMap</texPath>
			<graphicClass>Graphic_Single</graphicClass>
			<shaderType>CutoutComplex</shaderType>
		</graphicData>
		<costStuffCount>80</costStuffCount>
		<stuffCategories>
			<li>Fabric</li>
		</stuffCategories>
		<thingCategories>
			<li>Apparel</li>
		</thingCategories>
		<statBases>
			<WorkToMake>13000</WorkToMake>
			<Mass>2.2</Mass>
			<StuffEffectMultiplierArmor>0.3</StuffEffectMultiplierArmor>
			<StuffEffectMultiplierInsulation_Cold>0.3</StuffEffectMultiplierInsulation_Cold>
			<StuffEffectMultiplierInsulation_Heat>0.8</StuffEffectMultiplierInsulation_Heat>
			<EquipDelay>2.5</EquipDelay>
		</statBases>
		<equippedStatOffsets>
			<SocialImpact>0.15</SocialImpact>
		</equippedStatOffsets>
		<apparel>
			<bodyPartGroups>
				<li>Torso</li>
				<li>Shoulders</li>
				<li>Legs</li>
			</bodyPartGroups>
			<wornGraphicPath>Items/Apparel/Sagum/Sagum</wornGraphicPath>
			<layers>
				<li>OnSkin</li>
			</layers>
			<tags>
				<li>RomeCivil</li>
				<li>RomePlayer</li>
				<li>Hellenic</li>
			</tags>
			<defaultOutfitTags>
				<li>Worker</li>
			</defaultOutfitTags>
		</apparel>
		<recipeMaker><researchPrerequisite>AR_Project_Mediterranean_Culture</researchPrerequisite></recipeMaker>
	</thingDef>

	<thingDef ParentName="AncientApparelMakeableBase">
		<defName>AR_Himation</defName>
		<description>A simple piece of cloth worn around the loin and the shoulders.</description>
		<label>himation</label>
		<graphicData>
			<texPath>Items/Apparel/HimationOnMap</texPath>
			<graphicClass>Graphic_Single</graphicClass>
		</graphicData>
		<costStuffCount>50</costStuffCount>
		<stuffCategories>
			<li>Fabric</li>
		</stuffCategories>
		<thingCategories>
			<li>Apparel</li>
		</thingCategories>
		<statBases>
			<WorkToMake>9000</WorkToMake>
			<Mass>1.5</Mass>
			<StuffEffectMultiplierArmor>0.3</StuffEffectMultiplierArmor>
			<StuffEffectMultiplierInsulation_Heat>0.6</StuffEffectMultiplierInsulation_Heat>
			<EquipDelay>1.5</EquipDelay>
		</statBases>
		<apparel>
			<bodyPartGroups>
				<li>Shoulders</li>
				<li>Legs</li>
			</bodyPartGroups>
			<wornGraphicPath>Items/Apparel/Himation/Himation</wornGraphicPath>
			<layers>
				<li>OnSkin</li>
			</layers>
			<tags>
				<li>RomeCivil</li>
				<li>RomePlayer</li>
				<li>Hellenic</li>
			</tags>
			<defaultOutfitTags>
				<li>Worker</li>
			</defaultOutfitTags>
		</apparel>
		<generateCommonality>15</generateCommonality>
		<recipeMaker><researchPrerequisite>AR_Project_Mediterranean_Culture</researchPrerequisite></recipeMaker>
	</thingDef>
	
	<thingDef ParentName="AncientApparelMakeableBase">
		<defName>AR_Chalmys</defName>
		<description>A short coat typically worn by warriors, especially by hoplites, of the old Greece.</description>
		<label>chlamys</label>
		<graphicData>
			<texPath>Items/Apparel/ChalmysOnMap</texPath>
			<graphicClass>Graphic_Single</graphicClass>
			<shaderType>CutoutComplex</shaderType>
		</graphicData>
		<costStuffCount>100</costStuffCount>
		<stuffCategories>
			<li>Fabric</li>
		</stuffCategories>
		<thingCategories>
			<li>Apparel</li>
		</thingCategories>
		<statBases>
			<WorkToMake>25000</WorkToMake>
			<Mass>2.2</Mass>
			<StuffEffectMultiplierArmor>0.3</StuffEffectMultiplierArmor>
			<StuffEffectMultiplierInsulation_Cold>0.3</StuffEffectMultiplierInsulation_Cold>
			<StuffEffectMultiplierInsulation_Heat>0.8</StuffEffectMultiplierInsulation_Heat>
			<EquipDelay>2.5</EquipDelay>
		</statBases>
		<equippedStatOffsets>
			<SocialImpact>0.1</SocialImpact>
		</equippedStatOffsets>
		<apparel>
			<bodyPartGroups>
				<li>Torso</li>
				<li>Shoulders</li>
				<li>Legs</li>
			</bodyPartGroups>
			<wornGraphicPath>Items/Apparel/Chalmys/Chalmys</wornGraphicPath>
			<layers>
				<li>Shell</li>
			</layers>
			<tags>
				<li>Spartan</li>
			</tags>
			<defaultOutfitTags>
				<li>Worker</li>
			</defaultOutfitTags>
		</apparel>
		<recipeMaker><researchPrerequisite>AR_Project_Mediterranean_Culture</researchPrerequisite></recipeMaker>
	</thingDef>	
	
	<thingDef ParentName="AncientApparelMakeableBase">
		<defName>AR_LightCape</defName>
		<description>It's a cape.</description>
		<label>light cape</label>
		<graphicData>
			<texPath>Items/Apparel/Cape2OnMap</texPath>
			<graphicClass>Graphic_Single</graphicClass>
			<shaderType>CutoutComplex</shaderType>
		</graphicData>
		<costStuffCount>70</costStuffCount>
		<stuffCategories>
			<li>Fabric</li>
			<li>Leathery</li>
		</stuffCategories>
		<thingCategories>
			<li>Apparel</li>
		</thingCategories>
		<statBases>
			<WorkToMake>7000</WorkToMake>
			<MaxHitPoints>170</MaxHitPoints>
			<StuffEffectMultiplierArmor>0.3</StuffEffectMultiplierArmor>
			<StuffEffectMultiplierInsulation_Cold>0.55</StuffEffectMultiplierInsulation_Cold>
			<StuffEffectMultiplierInsulation_Heat>0.55</StuffEffectMultiplierInsulation_Heat>
			<Mass>2</Mass>
			<EquipDelay>2</EquipDelay>
		</statBases>
		<equippedStatOffsets>
			<SocialImpact>0.1</SocialImpact>
		</equippedStatOffsets>
		<apparel>
			<bodyPartGroups>
				<li>Torso</li>
				<li>Shoulders</li>
				<li>Legs</li>
			</bodyPartGroups>
			<wornGraphicPath>Items/Apparel/Cape/Cape2</wornGraphicPath>
			<useWornGraphicMask>true</useWornGraphicMask>
			<layers>
				<li>Shell</li>
			</layers>
			<tags>
				<li>RomeOfficer</li>
				<li>BarbarianNoble</li>
			</tags>
			<defaultOutfitTags>
				<li>Worker</li>
			</defaultOutfitTags>
		</apparel>
	</thingDef>	

</Defs>