﻿<?xml version="1.0" encoding="utf-8" ?>
<Defs>

  <thingDef Name="RomeArmourHelmetMakeableBase" ParentName="RomeArmourMakeableBase" Abstract="True">
    <thingCategories>
      <li>Headgear</li>
    </thingCategories>
  </thingDef>
  
	<!-- Roman -->

  <thingDef ParentName="RomeArmourHelmetMakeableBase">
    <defName>AR_Montefortino</defName>
    <label>Montefortino</label>
    <description>An early roman helmet type copied from Celtic tribes.</description>
    <techLevel>Medieval</techLevel>
    <graphicData>
      <texPath>Items/Apparel/MontefortinoOnMap</texPath>
      <graphicClass>Graphic_Single</graphicClass>
	  <shaderType>CutoutComplex</shaderType>
    </graphicData>
	<costList>
      <Cloth>10</Cloth>
    </costList>
    <costStuffCount>40</costStuffCount>
    <stuffCategories>
      <li>Metallic</li>
    </stuffCategories>
    <statBases>
      <WorkToMake>3500</WorkToMake>
      <MaxHitPoints>100</MaxHitPoints>
      <Mass>2</Mass>
      <StuffEffectMultiplierArmor>0.5</StuffEffectMultiplierArmor>
      <StuffEffectMultiplierInsulation_Cold>0.15</StuffEffectMultiplierInsulation_Cold>
      <StuffEffectMultiplierInsulation_Heat>0.15</StuffEffectMultiplierInsulation_Heat>
      <EquipDelay>2.5</EquipDelay>
    </statBases>
    <equippedStatOffsets>
      <MoveSpeed>-0.04</MoveSpeed>
      <PsychicSensitivity>-0.10</PsychicSensitivity>
    </equippedStatOffsets>
    <apparel>
      <bodyPartGroups>
        <li>UpperHead</li>
		<li>Teeth</li>
      </bodyPartGroups>
      <wornGraphicPath>Items/Apparel/Hats/Montefortino</wornGraphicPath>
	  <useWornGraphicMask>true</useWornGraphicMask>
      <layers>
        <li>Overhead</li>
      </layers>
      <tags>
		<li>RomeSoldier</li>
		<li>Barbarian</li>
      </tags>
      <defaultOutfitTags>
        <li>Soldier</li>
      </defaultOutfitTags>
    </apparel>
	<recipeMaker>
      <skillRequirements>
        <Crafting>3</Crafting>
      </skillRequirements>
    </recipeMaker>
  </thingDef>
  
  <thingDef ParentName="RomeArmourHelmetMakeableBase">
    <defName>AR_Samnite</defName>
    <label>samnitic helmet</label>
    <description>An pre-roman helmet type worn by the Italian tribe of the Samnites.</description>
    <techLevel>Medieval</techLevel>
    <graphicData>
      <texPath>Items/Apparel/SamniteOnMap</texPath>
      <graphicClass>Graphic_Single</graphicClass>
    </graphicData>
    <costStuffCount>45</costStuffCount>
    <stuffCategories>
      <li>Metallic</li>
    </stuffCategories>
    <statBases>
      <WorkToMake>3500</WorkToMake>
      <MaxHitPoints>100</MaxHitPoints>
      <Mass>2</Mass>
      <StuffEffectMultiplierArmor>0.5</StuffEffectMultiplierArmor>
      <StuffEffectMultiplierInsulation_Cold>0.15</StuffEffectMultiplierInsulation_Cold>
      <StuffEffectMultiplierInsulation_Heat>0.15</StuffEffectMultiplierInsulation_Heat>
      <EquipDelay>2.5</EquipDelay>
    </statBases>
    <equippedStatOffsets>
      <MoveSpeed>-0.04</MoveSpeed>
      <PsychicSensitivity>-0.10</PsychicSensitivity>
    </equippedStatOffsets>
    <apparel>
      <bodyPartGroups>
        <li>FullHead</li>
      </bodyPartGroups>
      <wornGraphicPath>Items/Apparel/Hats/Samnite</wornGraphicPath>
      <layers>
        <li>Overhead</li>
      </layers>
      <tags>
		<li>RomeSoldier</li>
      </tags>
      <defaultOutfitTags>
        <li>Soldier</li>
      </defaultOutfitTags>
    </apparel>
	<recipeMaker>
      <skillRequirements>
        <Crafting>3</Crafting>
      </skillRequirements>
    </recipeMaker>
  </thingDef>
    
  <thingDef ParentName="RomeArmourHelmetMakeableBase">
    <defName>AR_Galea</defName>
    <label>Galea</label>
    <description>An helmet of Celtic origin, but adaptet and new defined by the Roman people, so it became popular in the Legions of RomeAn helmet of Celtic origin, but adaptet and new defined by the Roman people, so it became popular in the Legions of Rome</description>
    <techLevel>Medieval</techLevel>
    <graphicData>
      <texPath>Items/Apparel/GaleaOnMap</texPath>
      <graphicClass>Graphic_Single</graphicClass>
    </graphicData>
    <costStuffCount>65</costStuffCount>
    <stuffCategories>
      <li>Metallic</li>
    </stuffCategories>
    <statBases>
      <WorkToMake>9000</WorkToMake>
      <MaxHitPoints>200</MaxHitPoints>
      <Mass>2</Mass>
      <StuffEffectMultiplierArmor>0.87</StuffEffectMultiplierArmor>
      <StuffEffectMultiplierInsulation_Cold>0.15</StuffEffectMultiplierInsulation_Cold>
      <StuffEffectMultiplierInsulation_Heat>0.15</StuffEffectMultiplierInsulation_Heat>
      <EquipDelay>2.5</EquipDelay>
    </statBases>
    <equippedStatOffsets>
      <MoveSpeed>-0.04</MoveSpeed>
      <PsychicSensitivity>-0.10</PsychicSensitivity>
    </equippedStatOffsets>
    <apparel>
      <bodyPartGroups>
        <li>FullHead</li>
      </bodyPartGroups>
      <wornGraphicPath>Items/Apparel/Hats/Galea</wornGraphicPath>
      <layers>
        <li>Overhead</li>
      </layers>
      <tags>
		<li>RomeSoldier</li>
      </tags>
      <defaultOutfitTags>
        <li>Soldier</li>
      </defaultOutfitTags>
    </apparel>
	<recipeMaker>
		<researchPrerequisite>AR_Project_Segmental_Armour</researchPrerequisite>
      <skillRequirements>
        <Crafting>7</Crafting>
      </skillRequirements>
	</recipeMaker>
  </thingDef>
  
<!--  <thingDef ParentName="RomeHatMakeableBase">
    <defName>AR_LightGalea</defName>
    <label>Galea (light)</label>
    <description>The standard helmet of civilized armies.</description>
    <techLevel>Medieval</techLevel>
    <graphicData>
      <texPath>Items/Apparel/GaleaOnMap</texPath>
      <graphicClass>Graphic_Single</graphicClass>
    </graphicData>
    <costStuffCount>60</costStuffCount>
    <stuffCategories>
      <li>Leathery</li>
    </stuffCategories>
    <statBases>
      <WorkToMake>6000</WorkToMake>
      <MaxHitPoints>100</MaxHitPoints>
      <Mass>1</Mass>
      <StuffEffectMultiplierArmor>0.5</StuffEffectMultiplierArmor>
      <StuffEffectMultiplierInsulation_Cold>0.15</StuffEffectMultiplierInsulation_Cold>
      <StuffEffectMultiplierInsulation_Heat>0.15</StuffEffectMultiplierInsulation_Heat>
      <EquipDelay>2.5</EquipDelay>
    </statBases>
    <apparel>
      <bodyPartGroups>
        <li>FullHead</li>
      </bodyPartGroups>
      <wornGraphicPath>Items/Apparel/Hats/Galea</wornGraphicPath>
      <layers>
        <li>Overhead</li>
      </layers>
      <tags>
		<li>RomeSoldier</li>
		<li>Auxiliary</li>
	  </tags>
      <defaultOutfitTags>
        <li>Soldier</li>
      </defaultOutfitTags>
    </apparel>
	<recipeMaker>
	<researchPrerequisite>AR_Project_Chainmail</researchPrerequisite>
	<recipeUsers><li>AR_TailoringBench</li></recipeUsers>
	</recipeMaker>
  </thingDef>-->
 
  <thingDef ParentName="RomeArmourHelmetMakeableBase">
    <defName>AR_GaleaHero</defName>
    <label>heroic galea</label>
    <description>An helmet of Celtic origin, but adaptet and new defined by the Roman people, so it became popular in the Legions of Rome</description>
    <techLevel>Medieval</techLevel>
    <graphicData>
      <texPath>Items/Apparel/GaleaHeroOnMap</texPath>
      <graphicClass>Graphic_Single</graphicClass>
	  <shaderType>CutoutComplex</shaderType>
    </graphicData>
    <costStuffCount>65</costStuffCount>
    <stuffCategories>
      <li>Metallic</li>
    </stuffCategories>
    <statBases>
      <WorkToMake>9000</WorkToMake>
      <MaxHitPoints>200</MaxHitPoints>
      <Mass>2</Mass>
      <StuffEffectMultiplierArmor>0.87</StuffEffectMultiplierArmor>
      <StuffEffectMultiplierInsulation_Cold>0.15</StuffEffectMultiplierInsulation_Cold>
      <StuffEffectMultiplierInsulation_Heat>0.15</StuffEffectMultiplierInsulation_Heat>
      <EquipDelay>2.5</EquipDelay>
    </statBases>
    <equippedStatOffsets>
      <MoveSpeed>-0.04</MoveSpeed>
      <PsychicSensitivity>-0.10</PsychicSensitivity>
	  <SocialImpact>0.15</SocialImpact>
    </equippedStatOffsets>
    <costList>
      <Cloth>20</Cloth>
    </costList>
	<generateCommonality>2</generateCommonality>
    <apparel>
      <bodyPartGroups>
        <li>FullHead</li>
      </bodyPartGroups>
      <wornGraphicPath>Items/Apparel/Hats/GaleaHero</wornGraphicPath>
	  <useWornGraphicMask>true</useWornGraphicMask>
      <layers>
        <li>Overhead</li>
      </layers>
	  <tags>
		<li>Praetorian</li>
		<li>RomeNoble</li>
	  </tags>
      <defaultOutfitTags>
        <li>Soldier</li>
      </defaultOutfitTags>
    </apparel>
	<recipeMaker>
	<researchPrerequisite>AR_Project_Segmental_Armour</researchPrerequisite>
      <skillRequirements>
        <Crafting>8</Crafting>
      </skillRequirements>
    </recipeMaker>
  </thingDef>
  
  <thingDef ParentName="RomeArmourHelmetMakeableBase">
    <defName>AR_GaleaCenturio</defName>
    <label>centurion's galea</label>
    <description>An helmet of Celtic origin, but adaptet and new defined by the Roman people, so it became popular in the Legions of Rome</description>
    <techLevel>Medieval</techLevel>
    <graphicData>
      <texPath>Items/Apparel/GaleaCenturioOnMap</texPath>
      <graphicClass>Graphic_Single</graphicClass>
	  <shaderType>CutoutComplex</shaderType>
    </graphicData>
    <costStuffCount>65</costStuffCount>
    <stuffCategories>
      <li>Metallic</li>
    </stuffCategories>
    <statBases>
      <WorkToMake>9000</WorkToMake>
      <MaxHitPoints>200</MaxHitPoints>
      <Mass>2</Mass>
      <StuffEffectMultiplierArmor>0.87</StuffEffectMultiplierArmor>
      <StuffEffectMultiplierInsulation_Cold>0.15</StuffEffectMultiplierInsulation_Cold>
      <StuffEffectMultiplierInsulation_Heat>0.15</StuffEffectMultiplierInsulation_Heat>
      <EquipDelay>2.5</EquipDelay>
    </statBases>
    <equippedStatOffsets>
      <MoveSpeed>-0.04</MoveSpeed>
      <PsychicSensitivity>-0.10</PsychicSensitivity>
	  <SocialImpact>0.15</SocialImpact>
    </equippedStatOffsets>
    <costList>
      <Cloth>20</Cloth>
    </costList>
	<generateCommonality>2</generateCommonality>
    <apparel>
      <bodyPartGroups>
        <li>FullHead</li>
      </bodyPartGroups>
      <wornGraphicPath>Items/Apparel/Hats/GaleaCenturio</wornGraphicPath>
	  <useWornGraphicMask>true</useWornGraphicMask>
      <layers>
        <li>Overhead</li>
      </layers>
	  <tags>
		<li>RomeNoble</li>
	  </tags>
      <defaultOutfitTags>
        <li>Soldier</li>
      </defaultOutfitTags>
    </apparel>
	<recipeMaker>
	<researchPrerequisite>AR_Project_Segmental_Armour</researchPrerequisite>
		<skillRequirements>	
			<Crafting>8</Crafting>
		</skillRequirements>
    </recipeMaker>
  </thingDef>
  
  <thingDef ParentName="RomeArmourHelmetMakeableBase">
    <defName>AR_Attic</defName>
    <label>attic helmet</label>
    <description>A helmet type with origins in the Hellenic world but named after the city-state Athens. It was widely used in Italy and quuite common under the Emperors of Rome</description>
    <techLevel>Medieval</techLevel>
    <graphicData>
      <texPath>Items/Apparel/AtticOnMap</texPath>
      <graphicClass>Graphic_Single</graphicClass>
	  <shaderType>CutoutComplex</shaderType>
    </graphicData>
    <costStuffCount>50</costStuffCount>
    <stuffCategories>
      <li>Metallic</li>
    </stuffCategories>
    <statBases>
      <WorkToMake>6000</WorkToMake>
      <MaxHitPoints>200</MaxHitPoints>
      <Mass>2</Mass>
      <StuffEffectMultiplierArmor>0.5</StuffEffectMultiplierArmor>
      <StuffEffectMultiplierInsulation_Cold>0.15</StuffEffectMultiplierInsulation_Cold>
      <StuffEffectMultiplierInsulation_Heat>0.15</StuffEffectMultiplierInsulation_Heat>
      <EquipDelay>2.5</EquipDelay>
    </statBases>
    <equippedStatOffsets>
      <MoveSpeed>-0.04</MoveSpeed>
      <PsychicSensitivity>-0.10</PsychicSensitivity>
	  <SocialImpact>0.15</SocialImpact>
    </equippedStatOffsets>
    <costList>
      <Cloth>20</Cloth>
    </costList>
	<generateCommonality>2</generateCommonality>
    <apparel>
      <bodyPartGroups>
        <li>FullHead</li>
      </bodyPartGroups>
      <wornGraphicPath>Items/Apparel/Hats/Attic</wornGraphicPath>
	  <useWornGraphicMask>true</useWornGraphicMask>
      <layers>
        <li>Overhead</li>
      </layers>
	  <tags>
		<li>RomeOfficer</li>
		<li>HellenicHeavy</li>
		<li>RomeNoble</li>
	  </tags>
      <defaultOutfitTags>
        <li>Soldier</li>
      </defaultOutfitTags>
    </apparel>
	<recipeMaker>
		<researchPrerequisite>AR_Project_Chainmail</researchPrerequisite>
		<skillRequirements>	
			<Crafting>5</Crafting>
		</skillRequirements>
	</recipeMaker>
  </thingDef>
  
  
	<!-- Greek -->
  
   <thingDef ParentName="RomeArmourHelmetMakeableBase">
    <defName>AR_Thracian</defName>
    <label>thracian helmet</label>
    <description>A Greek helmet type with origins in the region of Thracia</description>
    <techLevel>Medieval</techLevel>
    <graphicData>
      <texPath>Items/Apparel/ThracianOnMap</texPath>
      <graphicClass>Graphic_Single</graphicClass>
    </graphicData>
    <costStuffCount>55</costStuffCount>
    <stuffCategories>
      <li>Metallic</li>
    </stuffCategories>
    <statBases>
      <WorkToMake>6000</WorkToMake>
      <MaxHitPoints>200</MaxHitPoints>
      <Mass>2</Mass>
      <StuffEffectMultiplierArmor>0.55</StuffEffectMultiplierArmor>
      <StuffEffectMultiplierInsulation_Cold>0.15</StuffEffectMultiplierInsulation_Cold>
      <StuffEffectMultiplierInsulation_Heat>0.5</StuffEffectMultiplierInsulation_Heat>
      <EquipDelay>2.5</EquipDelay>
    </statBases>
    <equippedStatOffsets>
      <MoveSpeed>-0.04</MoveSpeed>
      <PsychicSensitivity>-0.10</PsychicSensitivity>
    </equippedStatOffsets>
    <apparel>
      <bodyPartGroups>
        <li>FullHead</li>
      </bodyPartGroups>
      <wornGraphicPath>Items/Apparel/Hats/Thracian</wornGraphicPath>
      <layers>
        <li>Overhead</li>
      </layers>
      <tags>
        <li>HellenicSoldier</li>
      </tags>
      <defaultOutfitTags>
        <li>Soldier</li>
      </defaultOutfitTags>
    </apparel>
	<recipeMaker>
	<researchPrerequisite>AR_Project_Chainmail</researchPrerequisite>
	<skillRequirements>	
			<Crafting>5</Crafting>
		</skillRequirements>
	</recipeMaker>
  </thingDef>
 
  <thingDef ParentName="RomeArmourHelmetMakeableBase">
    <defName>AR_Corinthian</defName>
    <label>corinthian helmet</label>
    <description>A Greek helmet type with origins in the city-state of Corinth. It offers maximal protection but it would be a bad idea to wear it as an archer or similar fighter</description>
    <techLevel>Medieval</techLevel>
    <graphicData>
      <texPath>Items/Apparel/CorinthianOnMap</texPath>
      <graphicClass>Graphic_Single</graphicClass>
    </graphicData>
    <costStuffCount>70</costStuffCount>
    <stuffCategories>
      <li>Metallic</li>
    </stuffCategories>
    <statBases>
      <WorkToMake>7000</WorkToMake>
      <MaxHitPoints>200</MaxHitPoints>
      <Mass>2</Mass>
      <StuffEffectMultiplierArmor>0.73</StuffEffectMultiplierArmor>
      <StuffEffectMultiplierInsulation_Cold>0.15</StuffEffectMultiplierInsulation_Cold>
      <StuffEffectMultiplierInsulation_Heat>0.5</StuffEffectMultiplierInsulation_Heat>
      <EquipDelay>2.5</EquipDelay>
    </statBases>
    <equippedStatOffsets>
      <MoveSpeed>-0.06</MoveSpeed>
      <PsychicSensitivity>-0.10</PsychicSensitivity>
	  <AimingDelayFactor>1</AimingDelayFactor>
    </equippedStatOffsets>
    <apparel>
      <bodyPartGroups>
        <li>FullHead</li>
      </bodyPartGroups>
      <wornGraphicPath>Items/Apparel/Hats/Corinthian</wornGraphicPath>
      <layers>
        <li>Overhead</li>
      </layers>
      <tags>
        <li>HellenicSoldier</li>
		<li>HellenicHeavy</li>
      </tags>
      <defaultOutfitTags>
        <li>Soldier</li>
      </defaultOutfitTags>
    </apparel>
	<recipeMaker>
	<researchPrerequisite>PlateArmor</researchPrerequisite>
		<skillRequirements>	
			<Crafting>5</Crafting>
		</skillRequirements>
	</recipeMaker>
  </thingDef>

  <thingDef ParentName="RomeArmourHelmetMakeableBase">
    <defName>AR_CorinthianHero</defName>
    <label>heroic corinthian helmet</label>
    <description>A Greek helmet type with origins in the city-state of Corinth. It offers maximal protection but it would be a bad idea to wear it as an archer or similar fighter</description>
    <techLevel>Medieval</techLevel>
    <graphicData>
      <texPath>Items/Apparel/CorinthianHeroOnMap</texPath>
      <graphicClass>Graphic_Single</graphicClass>
	  <shaderType>CutoutComplex</shaderType>
    </graphicData>
    <costStuffCount>70</costStuffCount>
    <stuffCategories>
      <li>Metallic</li>
    </stuffCategories>
    <statBases>
      <WorkToMake>6000</WorkToMake>
      <MaxHitPoints>200</MaxHitPoints>
      <Mass>2</Mass>
      <StuffEffectMultiplierArmor>0.73</StuffEffectMultiplierArmor>
      <StuffEffectMultiplierInsulation_Cold>0.15</StuffEffectMultiplierInsulation_Cold>
      <StuffEffectMultiplierInsulation_Heat>0.15</StuffEffectMultiplierInsulation_Heat>
      <EquipDelay>2.5</EquipDelay>
    </statBases>
    <equippedStatOffsets>
      <MoveSpeed>-0.06</MoveSpeed>
      <PsychicSensitivity>-0.10</PsychicSensitivity>
	  <SocialImpact>0.05</SocialImpact>
	  <AimingDelayFactor>1</AimingDelayFactor>
    </equippedStatOffsets>
	<generateCommonality>2</generateCommonality>
    <costList>
      <Cloth>30</Cloth>
    </costList>
    <apparel>
      <bodyPartGroups>
        <li>FullHead</li>
      </bodyPartGroups>
      <wornGraphicPath>Items/Apparel/Hats/CorinthianHero</wornGraphicPath>
	  <useWornGraphicMask>true</useWornGraphicMask>
      <layers>
        <li>Overhead</li>
      </layers>
      <tags>
		<li>HellenicSoldier</li>
		<li>HellenicHeavy</li>
		<li>Spartan</li>
		<li>RomeNoble</li>
      </tags>
      <defaultOutfitTags>
        <li>Soldier</li>
      </defaultOutfitTags>
    </apparel>
	<recipeMaker>
	<researchPrerequisite>PlateArmor</researchPrerequisite>
		<skillRequirements>	
			<Crafting>6</Crafting>
		</skillRequirements>
	</recipeMaker>
  </thingDef>
  
  <thingDef ParentName="RomeArmourHelmetMakeableBase">
    <defName>AR_Phrygian</defName>
    <label>phrygian helmet</label>
    <description>A Hellenic helmet that is createt after the homonymous cap. Common worn by the soldiers of Macedonia</description>
    <techLevel>Medieval</techLevel>
    <graphicData>
      <texPath>Items/Apparel/PhrygianOnMap</texPath>
      <graphicClass>Graphic_Single</graphicClass>
    </graphicData>
    <costStuffCount>55</costStuffCount>
    <stuffCategories>
      <li>Metallic</li>
    </stuffCategories>
    <statBases>
      <WorkToMake>6000</WorkToMake>
      <MaxHitPoints>200</MaxHitPoints>
      <Mass>2</Mass>
      <StuffEffectMultiplierArmor>0.55</StuffEffectMultiplierArmor>
      <StuffEffectMultiplierInsulation_Cold>0.15</StuffEffectMultiplierInsulation_Cold>
      <StuffEffectMultiplierInsulation_Heat>0.5</StuffEffectMultiplierInsulation_Heat>
      <EquipDelay>2.5</EquipDelay>
    </statBases>
    <equippedStatOffsets>
      <MoveSpeed>-0.04</MoveSpeed>
      <PsychicSensitivity>-0.10</PsychicSensitivity>
	  <SocialImpact>-0.3</SocialImpact>
    </equippedStatOffsets>
    <apparel>
      <bodyPartGroups>
        <li>FullHead</li>
      </bodyPartGroups>
      <wornGraphicPath>Items/Apparel/Hats/Phrygian</wornGraphicPath>
      <layers>
        <li>Overhead</li>
      </layers>
      <tags>
        <li>HellenicSoldier</li>
		<li>Macedon</li>
      </tags>
      <defaultOutfitTags>
        <li>Soldier</li>
      </defaultOutfitTags>
    </apparel>
	<recipeMaker>
	<researchPrerequisite>AR_Project_Chainmail</researchPrerequisite>
		<skillRequirements>	
			<Crafting>5</Crafting>
		</skillRequirements>
	</recipeMaker>
  </thingDef>

  <thingDef ParentName="RomeArmourHelmetMakeableBase">
    <defName>AR_PhrygianHero</defName>
    <label>heroic phrygian helmet</label>
    <description>A Hellenic helmet that is createt after the homonymous cap. Common worn by the soldiers of Macedonia</description>
    <techLevel>Medieval</techLevel>
    <graphicData>
      <texPath>Items/Apparel/PhrygianHeroOnMap</texPath>
      <graphicClass>Graphic_Single</graphicClass>
    </graphicData>
    <costStuffCount>55</costStuffCount>
    <stuffCategories>
      <li>Metallic</li>
    </stuffCategories>
    <costList>
      <Silver>20</Silver>
    </costList>
    <statBases>
      <WorkToMake>6000</WorkToMake>
      <MaxHitPoints>200</MaxHitPoints>
      <Mass>2</Mass>
      <StuffEffectMultiplierArmor>0.55</StuffEffectMultiplierArmor>
      <StuffEffectMultiplierInsulation_Cold>0.15</StuffEffectMultiplierInsulation_Cold>
      <StuffEffectMultiplierInsulation_Heat>0.15</StuffEffectMultiplierInsulation_Heat>
      <EquipDelay>2.5</EquipDelay>
    </statBases>
    <equippedStatOffsets>
      <MoveSpeed>-0.045</MoveSpeed>
      <PsychicSensitivity>-0.10</PsychicSensitivity>
	  <SocialImpact>0.2</SocialImpact>
    </equippedStatOffsets>
    <apparel>
      <bodyPartGroups>
        <li>FullHead</li>
      </bodyPartGroups>
      <wornGraphicPath>Items/Apparel/Hats/PhrygianHero</wornGraphicPath>
      <layers>
        <li>Overhead</li>
      </layers>
      <tags>
		<li>Macedon</li>
		<li>RomeNoble</li>
      </tags>
      <defaultOutfitTags>
        <li>Soldier</li>
      </defaultOutfitTags>
    </apparel>
	<recipeMaker>
	<researchPrerequisite>AR_Project_Chainmail</researchPrerequisite>
		<skillRequirements>	
			<Crafting>6</Crafting>
		</skillRequirements>
	</recipeMaker>
  </thingDef>

  <thingDef ParentName="RomeArmourHelmetMakeableBase">
    <defName>AR_Boeotian</defName>
    <label>Boeotian helmet</label>
    <description>A Greek helmet type with origins in the region of Boeotia. Because of its shape t does not block the sight or hearing of the wearer so the helmet is in excellent use for cavalry or archers</description>
    <techLevel>Medieval</techLevel>
    <graphicData>
      <texPath>Items/Apparel/BoeotianOnMap</texPath>
      <graphicClass>Graphic_Single</graphicClass>
    </graphicData>
    <costStuffCount>35</costStuffCount>
    <stuffCategories>
      <li>Metallic</li>
    </stuffCategories>
    <statBases>
      <WorkToMake>4000</WorkToMake>
      <MaxHitPoints>200</MaxHitPoints>
      <Mass>2</Mass>
      <StuffEffectMultiplierArmor>0.4</StuffEffectMultiplierArmor>
      <StuffEffectMultiplierInsulation_Cold>0.15</StuffEffectMultiplierInsulation_Cold>
      <StuffEffectMultiplierInsulation_Heat>0.15</StuffEffectMultiplierInsulation_Heat>
      <EquipDelay>2.5</EquipDelay>
    </statBases>
    <equippedStatOffsets>
      <MoveSpeed>-0.02</MoveSpeed>
      <PsychicSensitivity>-0.10</PsychicSensitivity>
	  <SocialImpact>0.05</SocialImpact>
    </equippedStatOffsets>
    <costList>
      <Cloth>20</Cloth>
    </costList>
    <apparel>
      <bodyPartGroups>
        <li>UpperHead</li>
      </bodyPartGroups>
      <wornGraphicPath>Items/Apparel/Hats/Boeotian</wornGraphicPath>
      <layers>
        <li>Overhead</li>
      </layers>
      <tags>
		<li>HellenicSoldier</li>
		<li>Toxotes</li>
      </tags>
      <defaultOutfitTags>
        <li>Soldier</li>
      </defaultOutfitTags>
    </apparel>
	<recipeMaker>
	<researchPrerequisite>AR_Project_Chainmail</researchPrerequisite>
		<skillRequirements>	
			<Crafting>3</Crafting>
		</skillRequirements>
	</recipeMaker>
  </thingDef>
  
  <thingDef ParentName="RomeArmourHelmetMakeableBase">
    <defName>AR_PileusHelmet</defName>
    <label>Pileus helmet</label>
    <description>A Hellenic helmet that is createt after the homonymous cap</description>
    <techLevel>Medieval</techLevel>
    <graphicData>
      <texPath>Items/Apparel/PileusHelmOnMap</texPath>
      <graphicClass>Graphic_Single</graphicClass>
    </graphicData>
    <costStuffCount>35</costStuffCount>
    <stuffCategories>
      <li>Metallic</li>
    </stuffCategories>
    <statBases>
      <WorkToMake>6000</WorkToMake>
      <MaxHitPoints>200</MaxHitPoints>
      <Mass>2</Mass>
      <StuffEffectMultiplierArmor>0.4</StuffEffectMultiplierArmor>
      <StuffEffectMultiplierInsulation_Cold>0.15</StuffEffectMultiplierInsulation_Cold>
      <StuffEffectMultiplierInsulation_Heat>0.15</StuffEffectMultiplierInsulation_Heat>
      <EquipDelay>2.5</EquipDelay>
    </statBases>
    <equippedStatOffsets>
      <MoveSpeed>-0.02</MoveSpeed>
      <PsychicSensitivity>-0.10</PsychicSensitivity>
	  <MentalBreakThreshold>-1</MentalBreakThreshold>
      <PainShockThreshold>0.10</PainShockThreshold>
    </equippedStatOffsets>
    <apparel>
      <bodyPartGroups>
        <li>UpperHead</li>
      </bodyPartGroups>
      <wornGraphicPath>Items/Apparel/Hats/PileusHelm</wornGraphicPath>
      <layers>
        <li>Overhead</li>
      </layers>
      <tags>
		<li>HellenicSoldier</li>
		<li>Spartan</li>
      </tags>
      <defaultOutfitTags>
        <li>Soldier</li>
      </defaultOutfitTags>
    </apparel>
	<recipeMaker>
	<researchPrerequisite>AR_Project_Chainmail</researchPrerequisite>
		<skillRequirements>	
			<Crafting>3</Crafting>
		</skillRequirements>
	</recipeMaker>
  </thingDef>
  
   <thingDef ParentName="RomeArmourHelmetMakeableBase">
    <defName>AR_Konos</defName>
    <label>Konos</label>
    <description>A conical helmet of macedonian origin. it is engraved with spiral characteristics from the Ionic order</description>
    <techLevel>Medieval</techLevel>
    <graphicData>
      <texPath>Items/Apparel/KonosOnMap</texPath>
      <graphicClass>Graphic_Single</graphicClass>
    </graphicData>
    <costStuffCount>50</costStuffCount>
    <stuffCategories>
      <li>Metallic</li>
    </stuffCategories>
    <statBases>
      <WorkToMake>6000</WorkToMake>
      <MaxHitPoints>200</MaxHitPoints>
      <Mass>2</Mass>
      <StuffEffectMultiplierArmor>0.55</StuffEffectMultiplierArmor>
      <StuffEffectMultiplierInsulation_Cold>0.15</StuffEffectMultiplierInsulation_Cold>
      <StuffEffectMultiplierInsulation_Heat>0.15</StuffEffectMultiplierInsulation_Heat>
      <EquipDelay>2.5</EquipDelay>
    </statBases>
    <equippedStatOffsets>
      <MoveSpeed>-0.04</MoveSpeed>
      <PsychicSensitivity>-0.10</PsychicSensitivity>
    </equippedStatOffsets>
    <apparel>
      <bodyPartGroups>
        <li>FullHead</li>
      </bodyPartGroups>
      <wornGraphicPath>Items/Apparel/Hats/Konos</wornGraphicPath>
      <layers>
        <li>Overhead</li>
      </layers>
      <tags>
        <li>HellenicSoldier</li>
      </tags>
      <defaultOutfitTags>
        <li>Soldier</li>
      </defaultOutfitTags>
    </apparel>
	<recipeMaker>
	<researchPrerequisite>AR_Project_Chainmail</researchPrerequisite>
		<skillRequirements>	
			<Crafting>5</Crafting>
		</skillRequirements>
	</recipeMaker>
  </thingDef>
  
	<!-- Civil -->	
  
  <thingDef ParentName="AncientHatMakeableBase">
    <defName>AR_LaurelWreath</defName>
    <label>laurel wreath</label>
    <description>An wearable symbol of might. It's nothing for common people</description>
    <techLevel>Medieval</techLevel>
    <graphicData>
      <texPath>Items/Apparel/LaurelWreath</texPath>
      <graphicClass>Graphic_Single</graphicClass>
    </graphicData>
    <costList>
      <WoodLog>5</WoodLog>
    </costList>
    <statBases>
      <WorkToMake>600</WorkToMake>
      <MaxHitPoints>10</MaxHitPoints>
	  <Mass>0.08</Mass>
      <StuffEffectMultiplierArmor>0.2</StuffEffectMultiplierArmor>
      <StuffEffectMultiplierInsulation_Cold>0.001</StuffEffectMultiplierInsulation_Cold>
      <StuffEffectMultiplierInsulation_Heat>0.001</StuffEffectMultiplierInsulation_Heat>
      <EquipDelay>1</EquipDelay>
    </statBases>
    <equippedStatOffsets>
	  <SocialImpact>0.3</SocialImpact>
	  <WorkSpeedGlobal>-0.3</WorkSpeedGlobal>
    </equippedStatOffsets>
    <apparel>
      <bodyPartGroups>
        <li>UpperHead</li>
      </bodyPartGroups>
      <wornGraphicPath>Items/Apparel/Hats/LaurelWreath</wornGraphicPath>
	  <hatRenderedFrontOfFace>true</hatRenderedFrontOfFace>
      <layers>
        <li>Overhead</li>
      </layers>
	  <tags>
        <li>RomeNoble</li>
      </tags>
      <defaultOutfitTags>
        <li>Worker</li>
      </defaultOutfitTags>
    </apparel>
	<recipeMaker><researchPrerequisite>AR_Project_Mediterranean_Culture</researchPrerequisite></recipeMaker>
  </thingDef>
  
    <ThingDef ParentName="AncientHatMakeableBase">
    <defName>AR_Pileus</defName>
    <label>Pileus</label>
    <description>A common conical cap from ancient greece, made of felt or leather</description>
    <graphicData>
      <texPath>Items/Apparel/PileusOnMap</texPath>
      <graphicClass>Graphic_Single</graphicClass>
    </graphicData>
    <costStuffCount>25</costStuffCount>
    <stuffCategories>
      <li>Fabric</li>
      <li>Leathery</li>
    </stuffCategories>
    <statBases>
      <WorkToMake>7000</WorkToMake>
      <Mass>0.14</Mass>
      <StuffEffectMultiplierArmor>0.2</StuffEffectMultiplierArmor>
      <StuffEffectMultiplierInsulation_Cold>0.20</StuffEffectMultiplierInsulation_Cold>
      <StuffEffectMultiplierInsulation_Heat>0.40</StuffEffectMultiplierInsulation_Heat>
      <EquipDelay>0.8</EquipDelay>
    </statBases>
    <apparel>
      <bodyPartGroups>
        <li>UpperHead</li>
      </bodyPartGroups>
      <wornGraphicPath>Items/Apparel/Hats/Pileus</wornGraphicPath>
      <layers>
        <li>Overhead</li>
      </layers>
      <tags>
        <li>Hellenic</li>
      </tags>
      <defaultOutfitTags>
        <li>Worker</li>
      </defaultOutfitTags>
    </apparel>
	<recipeMaker><researchPrerequisite>AR_Project_Mediterranean_Culture</researchPrerequisite></recipeMaker>
  </ThingDef>
  
</Defs>