﻿<?xml version="1.0" encoding="utf-8" ?>
<Defs>
  
  <!--thingDef ParentName="BuildingBase">
    <defName>AR_FermentingBarrelWine</defName>
    <label>fermenting barrel (wine)</label>
	<category>Building</category>
    <graphicData>
      <texPath>Things/Building/Production/FermentingBarrel</texPath>
      <graphicClass>Graphic_Multi</graphicClass>
      <damageData>
        <rect>(0.05,0.1,0.9,0.9)</rect>
      </damageData>
    </graphicData>
    <minifiedDef>MinifiedThing</minifiedDef>
    <altitudeLayer>Building</altitudeLayer>
    <passability>PassThroughOnly</passability>
    <fillPercent>0.45</fillPercent>
    <pathCost>60</pathCost>
	<thingCategories>
      <li>BuildingsProduction</li>
    </thingCategories>
    <statBases>
      <WorkToBuild>600</WorkToBuild>
      <Mass>10</Mass>
      <MaxHitPoints>100</MaxHitPoints>
      <Flammability>1.0</Flammability>
    </statBases>
    <description>A barrel for fermenting raw grapes into wine.</description>
    <costList>
      <Steel>10</Steel>
      <WoodLog>30</WoodLog>
    </costList>
    <comps>
        <li Class="CompProperties_Forbiddable"/>
		<li Class="CompProperties_TemperatureRuinable">
        <minSafeTemperature>-1</minSafeTemperature>
        <maxSafeTemperature>32</maxSafeTemperature>
        <progressPerDegreePerTick>0.00001</progressPerDegreePerTick>
      </li>
	  <li Class="UniversalFermenter.CompProperties_UniversalFermenter">
		<products>
			<li>
				<thingDef>AR_Wine</thingDef>
				<ingredientFilter>
					<thingDefs>
						<li>AR_RawGrapes</li>
					</thingDefs>
				</ingredientFilter>
			</li>
		</products>
	  </li>
    </comps>
    <tickerType>Rare</tickerType>
    <rotatable>true</rotatable>
    <designationCategory>Production</designationCategory>
    <constructEffect>ConstructWood</constructEffect>
    <researchPrerequisites><li>Brewing</li><li>AR_Project_Mediterranean_Agriculture</li></researchPrerequisites>
  </thingDef-->
  
  <thingDef ParentName="BenchBase">
    <defName>AR_Press</defName>
    <label>Oil Press</label>
    <thingClass>Building_WorkTable</thingClass>
    <description>A tower out of stones, built to create and keep heat in its middle, high enough to let comom metals become liquid.</description>
    <graphicData>
      <texPath>Buildings/Production/Press</texPath>
      <graphicClass>Graphic_Multi</graphicClass>
      <shaderType>CutoutComplex</shaderType>
      <drawSize>(4,4)</drawSize>
      <damageData>
        <cornerTL>Damage/Corner</cornerTL>
        <cornerTR>Damage/Corner</cornerTR>
        <cornerBL>Damage/Corner</cornerBL>
        <cornerBR>Damage/Corner</cornerBR>
      </damageData>
    </graphicData>
	<costList>
      <WoodLog>50</WoodLog>
    </costList>
	<stuffCategories>
      <li>Stony</li>
    </stuffCategories>
    <costStuffCount>100</costStuffCount>
    <altitudeLayer>Building</altitudeLayer>
    <fillPercent>0.5</fillPercent>
    <useHitPoints>True</useHitPoints>
    <statBases>
      <WorkToBuild>1000</WorkToBuild>
      <MaxHitPoints>180</MaxHitPoints>
      <Flammability>1.0</Flammability>
    </statBases>
    <size>(2,2)</size>
    <designationCategory>Production</designationCategory>
    <passability>PassThroughOnly</passability>
    <pathCost>70</pathCost>
    <hasInteractionCell>True</hasInteractionCell>
    <interactionCellOffset>(0,0,-1)</interactionCellOffset>
    <surfaceType>Item</surfaceType>
    <inspectorTabs>
      <li>ITab_Bills</li>
    </inspectorTabs>
    <building>
      <spawnedConceptLearnOpportunity>BillsTab</spawnedConceptLearnOpportunity>
	</building>
    <researchPrerequisites>
      <li>AR_Project_OliveTree</li>
    </researchPrerequisites>
  </thingDef>

 
  <ThingDef ParentName="BenchBase">
    <defName>AR_Smithy_Rome</defName>
    <label>mediterranean smithy</label>
    <thingClass>Building_WorkTable</thingClass>
    <description>A wood-fueled station equipped for smithing non-mechanical weapons and tools.</description>
    <graphicData>
      <texPath>Buildings/Production/TableSmithingRome</texPath>
      <graphicClass>Graphic_Multi</graphicClass>
      <drawSize>(7,3)</drawSize>
      <damageData>
        <cornerTL>Damage/Corner</cornerTL>
        <cornerTR>Damage/Corner</cornerTR>
        <cornerBL>Damage/Corner</cornerBL>
        <cornerBR>Damage/Corner</cornerBR>
      </damageData>
    </graphicData>
    <costList>
      <Steel>100</Steel>
    </costList>
    <costStuffCount>50</costStuffCount>
    <altitudeLayer>Building</altitudeLayer>
    <fillPercent>0.5</fillPercent>
    <useHitPoints>True</useHitPoints>
    <statBases>
      <WorkToBuild>1000</WorkToBuild>
      <MaxHitPoints>180</MaxHitPoints>
      <Flammability>1.0</Flammability>
      <Cleanliness>-3</Cleanliness>
    </statBases>
    <size>(3,1)</size>
    <designationCategory>Production</designationCategory>
    <passability>PassThroughOnly</passability>
    <pathCost>70</pathCost>
    <hasInteractionCell>True</hasInteractionCell>
    <interactionCellOffset>(0,0,-1)</interactionCellOffset>
    <surfaceType>Item</surfaceType>
    <inspectorTabs>
      <li>ITab_Bills</li>
    </inspectorTabs>
    <building>
      <spawnedConceptLearnOpportunity>BillsTab</spawnedConceptLearnOpportunity>
		</building>
    <comps>
      <li Class="CompProperties_Refuelable">
        <fuelConsumptionRate>80.0</fuelConsumptionRate>
        <fuelCapacity>50.0</fuelCapacity>
        <fuelFilter>
          <thingDefs>
            <li>WoodLog</li>
          </thingDefs>
        </fuelFilter>
        <consumeFuelOnlyWhenUsed>true</consumeFuelOnlyWhenUsed>
      </li>
      <li Class="CompProperties_AffectedByFacilities">
        <linkableFacilities>
          <li>ToolCabinet</li>
        </linkableFacilities>
      </li>
    </comps>
    <placeWorkers>
      <li>PlaceWorker_ShowFacilitiesConnections</li>
    </placeWorkers>
    <researchPrerequisites>
      <li>Smithing</li>
	  <li>AR_Project_Mediterranean_Culture</li>
    </researchPrerequisites>
  </ThingDef>
   
</Defs>